Project,Table
Alpha Alpha,A1
Alpha Echo,A2
Alpha India,A3
Bravo Hotel,B4
Bravo Lima,B5
Bravo Papa,B6
Charlie Xray,C7
Delta Alpha,C8
Delta Charlie,C9
Delta Golf,D10
Delta Kilo,D11
Delta Oscar,D12
Alpha Bravo,A13
Alpha Charlie,A14
Alpha Delta,A15
Bravo Bravo,B16
Bravo Charlie,B17
Bravo Delta,B18
Charlie India,C19
Charlie Juliet,C20
Charlie Kilo,C21
Delta Papa,D22
Delta Quebec,D23
Delta Romeo,D24
Alpha Foxtrot,A25
Alpha Golf,A26
Alpha Hotel,A27
Bravo Echo,B28
Bravo Foxtrot,B29
Bravo Golf,B30
Charlie Lima,C31
Charlie Mike,C32
Charlie November,C33
Delta Sierra,D34
Delta Tango,D35
Delta Uniform,D36
Alpha Juliet,A37
Alpha Kilo,A38
Alpha Lima,A39
Bravo India,B40
Bravo Juliet,B41
Bravo Kilo,B42
Charlie Oscar,C43
Charlie Papa,C44
Charlie Quebec,C45
Delta Victor,D46
Delta Whiskey,D47
Delta Xray,D48
Alpha Mike,A49
Alpha November,A50
Alpha Oscar,A51
Bravo Mike,B52
Bravo November,B53
Bravo Oscar,B54
Charlie Romeo,C55
Charlie Sierra,C56
Charlie Tango,C57
Delta Yankee,D58
Delta Zulu,D59
Echo Alpha,D60
Alpha Papa,A61
Alpha Quebec,A62
Alpha Romeo,A63
Bravo Quebec,B64
Bravo Romeo,B65
Bravo Sierra,B66
Charlie Uniform,C67
Charlie Victor,C68
Charlie Whiskey,C69
Echo Bravo,D70
Echo Charlie,D71
Echo Delta,D72
Alpha Sierra,A73
Alpha Tango,A74
Alpha Uniform,A75
Bravo Tango,B75ALT
Bravo Uniform,B76
Bravo Victor,B77
Charlie Yankee,C78
Charlie Zulu,C79
Delta Bravo,C80
Echo Echo,D81
Echo Foxtrot,D82
Echo Golf,D83
Alpha Victor,A84
Alpha Whiskey,A85
Alpha Xray,A86
Bravo Whiskey,B87
Bravo Xray,B88
Bravo Yankee,B89
Delta Delta,C91
Delta Echo,C92
Delta Foxtrot,C93
Echo Hotel,D94
Echo India,D95
Echo Juliet,D96
Bravo Zulu,B97
Charlie Alpha,B98
Charlie Bravo,B99
Charlie Charlie,C100
Charlie Delta,C101
Charlie Echo,C102
Delta Hotel,D103
Delta India,D104
Delta Juliet,D105
Alpha Yankee,B107
Alpha Zulu,B108
Bravo Alpha,B109
Charlie Foxtrot,C110
Charlie Golf,C111
Charlie Hotel,C112
Delta Lima,D113
Delta Mike,D114
Delta November,D115
